Model,Accuracy,F1 Score,Precision,Recall,Training Time
LightGBM_Grouped_Filtered,0.880115,0.8846428428793526,0.8957314641085786,0.880115,438.1385464668274
