GBM,training_time_seconds,f1_score,accuracy,precision,recall
GBM,17078.101558685303,0.7775859005971826,0.80507,0.8360930752550031,0.80507
